0|1
<command:insert_sound:sex - slap - hard|80|115|5><command:change_view:sydney-shower-fuck><command:change_speed:3><N3>[I can't believe I'm letting him fuck me....]|<N3>[Fucking asshole... Blackmailing like this!];<command:change_speed:2><N1>You like that N<3>?||<N3>I'd n-never like anything with you!|<N3>[Shit... His dick is bigger than I thought...]|<N1>Guess I need to fuck you faster then!;<command:change_speed:1><N1>How's that? You like it when I thrust this hard?|<N3>[Holy shit he's pounding me so fucking hard!]|<N3>[I think I'm gonna...]|<N1>N<3> I'm going to cum inside you ok?|<N3>Don't be an idiot! You can't do that!|<N1>Watch me.;<command:change_view:sydney-shower-fuck-cum><command:play_sound:sex - Cumshot 4|80|100><command:disable_loop><N1>Cumming!|<N3>[Oh god! That feels...]|<N1>That felt great!|<N1>Bet you love having my cum inside you huh?|<N3>F-fuck you asshole!
<command:insert_sound:sex - slap - hard|80|115|5><command:change_view:sydney-shower-fuck><command:change_speed:3><N3>[I can't believe I'm letting him fuck me....]|<N3>[Fucking asshole... Blackmailing like this!];<command:change_speed:2><N1>You like that N<3>?||<N3>I'd n-never like anything with you!|<N3>[Shit... His dick is bigger than I thought...]|<N1>Guess I need to fuck you faster then!;<command:change_speed:1><N1>How's that? You like it when I thrust this hard?|<N3>[Holy shit he's pounding me so fucking hard!]|<N3>[I think I'm gonna...]|<N1>N<3> I'm going to cum inside you ok?|<N3>Don't be an idiot! You can't do that!|<N1>Watch me.;<command:change_view:sydney-shower-fuck-cum><command:play_sound:sex - Cumshot 4|80|100><command:disable_loop><N1>Cumming!|<N3>[Oh god! That feels...]|<N1>That felt great!|<N1>Bet you love having my cum inside you huh?|<N3>F-fuck you asshole!
<command:insert_sound:sex - slap - hard|80|115|5><command:change_view:sydney-shower-fuck><command:change_speed:3><N3>[I can't believe I'm letting him fuck me....]|<N3>[Fucking asshole... Blackmailing like this!];<command:change_speed:2><N1>You like that N<3>?||<N3>I'd n-never like anything with you!|<N3>[Shit... His dick is bigger than I thought...]|<N1>Guess I need to fuck you faster then!;<command:change_speed:1><N1>How's that? You like it when I thrust this hard?|<N3>[Holy shit he's pounding me so fucking hard!]|<N3>[I think I'm gonna...]|<N1>N<3> I'm going to cum inside you ok?|<N3>Don't be an idiot! You can't do that!|<N1>Watch me.;<command:change_view:sydney-shower-fuck-cum><command:play_sound:sex - Cumshot 4|80|100><command:disable_loop><N1>Cumming!|<N3>[Oh god! That feels...]|<N1>That felt great!|<N1>Bet you love having my cum inside you huh?|<N3>F-fuck you asshole!
<command:insert_sound:sex - slap - hard|80|115|5><command:change_view:sydney-shower-fuck><command:change_speed:3><N3>[I can't believe I'm letting him fuck me....]|<N3>[Fucking asshole... Blackmailing like this!];<command:change_speed:2><N1>You like that N<3>?||<N3>I'd n-never like anything with you!|<N3>[Shit... His dick is bigger than I thought...]|<N1>Guess I need to fuck you faster then!;<command:change_speed:1><N1>How's that? You like it when I thrust this hard?|<N3>[Holy shit he's pounding me so fucking hard!]|<N3>[I think I'm gonna...]|<N1>N<3> I'm going to cum inside you ok?|<N3>Don't be an idiot! You can't do that!|<N1>Watch me.;<command:change_view:sydney-shower-fuck-cum><command:play_sound:sex - Cumshot 4|80|100><command:disable_loop><N1>Cumming!|<N3>[Oh god! That feels...]|<N1>That felt great!|<N1>Bet you love having my cum inside you huh?|<N3>F-fuck you asshole!
<command:insert_sound:sex - slap - hard|80|115|5><command:change_view:sydney-shower-fuck><command:change_speed:3><N3>Fuck! Yes!|<N3>Fuck your slutty sister's pussy N<1>!;<command:change_speed:2><N1>You like that N<3>?||<N3>Yes! Your cock feels wonderful|<N3>It's so big...|<N1>Hold on. I'm going to fuck your brains out!;<command:change_speed:1><N1>How's that? You like it when I thrust this hard?|<N3>Yes! I love it when you pound me like this|<N3>I'm going to cum soon!|<N1>N<3> I'm going to cum inside you ok?|<N3>Yes! Do it!|<N3>Fill up my pussy!;<command:change_view:sydney-shower-fuck-cum><command:play_sound:sex - Cumshot 4|80|100><command:disable_loop><N1>Cumming!|<N3>Ah! Amazing... Your cum is so warm...|<N3>You need... to cum inside me... more...





