1|18
<command:change_view:sydney-shower-bj><command:change_speed:3><N3>[I can't believe I'm doing this again.]|<N3>[And he's actually pulling on my hair.]|<N3>[I thought that would scare him off!];<command:change_speed:2><N1>This was a great idea sis!|<N1>I love holding onto your hair!|<N3>[Well it's painful for me jackass!];<command:change_speed:1><N3>[God damn it asshole slow down!]|<N1>I'm gonna cum soon! I can cum in your mouth right?|<N3>[Like I have a choice when your holding my hair like this!];<command:change_view:sydney-shower-bj-cum><command:play_sound:sex - Cumshot 4|80|100><command:disable_loop><N1>Cumming!|<N3>[Oh god! So much cum!]|<N1>That was great!|<N3>[Let go of my hair already!]
<command:change_view:sydney-shower-bj><command:change_speed:3><N3>[He wants to do this again?]|<N3>[I think he really likes pulling on my hair...];<command:change_speed:2><N1>I can't get enough of this!|<N1>Your mouth feels so good!|<N3>[Well don't get used to it!];<command:change_speed:1><N3>[He's going to fast again!]|<N1>I'm gonna cum soon! You'll take it all in your mouth right?|<N3>[Jeez what a stupid question!];<command:change_view:sydney-shower-bj-cum><command:play_sound:sex - Cumshot 4|80|100><command:disable_loop><N1>Cumming!|<N3>*Hack* *Splutter*|<N1>I love cumming inside your mouth like this N<3>!|<N3>[Pull your dick out already!]
<command:change_view:sydney-shower-bj><command:change_speed:3><N3>[...]|<N3>[Am I... starting to enjoy this?]|<N3>[What the hell is the matter with me?];<command:change_speed:2><N1>I can't get enough of this!|<N1>Your mouth feels so good!|<N3>[I'll never admit it to you... But it does feel pretty good for me too...];<command:change_speed:1><N3>[Yes like that...]|<N1>I'm gonna cum soon! You'll take it all in your mouth right?|<N3>[Uh jackass... You already know the answer to that question...];<command:change_view:sydney-shower-bj-cum><command:play_sound:sex - Cumshot 4|80|100><command:disable_loop><N1>Cumming!|<N3>*Gulp* *Gulp*|<N1>I love cumming inside your mouth like this N<3>!|<N3>[You're lucky you're cum is so tasty asshole.]
<command:change_view:sydney-shower-bj><command:change_speed:3><N3>[...]|<N3>[Am I... starting to enjoy this?]|<N3>[What the hell is the matter with me?];<command:change_speed:2><N1>I can't get enough of this!|<N1>Your mouth feels so good!|<N3>[I'll never admit it to you... But it does feel pretty good for me too...];<command:change_speed:1><N3>[Yes like that...]|<N1>I'm gonna cum soon! You'll take it all in your mouth right?|<N3>[Uh jackass... You already know the answer to that question...];<command:change_view:sydney-shower-bj-cum><command:play_sound:sex - Cumshot 4|80|100><command:disable_loop><N1>Cumming!|<N3>*Gulp* *Gulp*|<N1>I love cumming inside your mouth like this N<3>!|<N3>[You're lucky you're cum is so tasty asshole.]
<command:change_view:sydney-shower-bj><command:change_speed:3><N3>[Yes! Fuck this slutty mouth!]|<N3>[Fuck me with your big cock!];<command:change_speed:2><N1>I can't get enough of this!|<N1>Your mouth feels so good!|<N3>[I'll never admit it to you... But it does feel pretty good for me too...];<command:change_speed:1><N3>[Yes like that...]|<N1>I'm gonna cum soon!|<N3>[Yes! Cum in my throat! Cum in your slutty sister's throat!];<command:change_view:sydney-shower-bj-cum><command:play_sound:sex - Cumshot 4|80|100><command:disable_loop><N1>Cumming!|<N3>*Gulp* *Slurp* *Sluck*|<N1>Wow you're sucking me so much still!|<N3>[So tasy....]





